ConversationID,Filename,PersonID,PersonCrmID,AccountID,AccountCrmID,MediaType,Platform,Date,Duration
3ebb1629-24b1-4f34-b21d-0fcad4928a59,transcript_audio_3ebb1629-24b1-4f34-b21d-0fcad4928a59_1763175598172.txt,423146557,003fh0000021Qs6AAE,68119492,001fh000004C8LlAAK,audio,salesloft,2025-11-14T21:43:58.434Z,135000
16ad42ae-fcdc-48f4-a046-689b904a9bfa,transcript_audio_16ad42ae-fcdc-48f4-a046-689b904a9bfa_1763175599949.txt,423146324,003Vq00000Sk8wLIAR,68119370,001fh000003pp1uAAA,audio,salesloft,2025-11-14T21:25:36.919Z,260000
293aa6e7-badf-4516-bcc9-d8c2bc78fad6,transcript_audio_293aa6e7-badf-4516-bcc9-d8c2bc78fad6_1763175601668.txt,423145831,003fh000002Ka6EAAS,68118988,001fh000004lepMAAQ,audio,salesloft,2025-11-14T19:57:40.565Z,133000
b709dd38-3105-4536-bfaa-c52c22deb264,transcript_audio_b709dd38-3105-4536-bfaa-c52c22deb264_1763175603242.txt,423145873,003fh000002OXpkAAG,68119031,001fh000004vNTtAAM,audio,salesloft,2025-11-14T19:47:29.725Z,148000
9d89c3a8-6905-436f-8d4a-b53e2b82cf82,transcript_audio_9d89c3a8-6905-436f-8d4a-b53e2b82cf82_1763175604698.txt,427848657,003Vq00000Wv9AbIAJ,69559802,001fh000004C8aTAAS,audio,salesloft,2025-11-14T19:01:46.367Z,167000
685bd971-398c-4035-a7ac-b491dfe158f6,transcript_audio_685bd971-398c-4035-a7ac-b491dfe158f6_1763175606302.txt,423146091,003Vq00000SfZ4UIAV,68119182,001Vq00000Ro7pYIAR,audio,salesloft,2025-11-14T18:30:51.543Z,129000
4062d428-9234-4195-8bc6-1bbbaa0202c6,transcript_audio_4062d428-9234-4195-8bc6-1bbbaa0202c6_1763175607719.txt,433137231,003Vq00000ZJwovIAD,71064642,001Vq00000Rm49JIAR,audio,salesloft,2025-11-14T18:08:15.954Z,571000
9d3d9106-1dd1-4529-8e98-cba6a7a6a26f,transcript_audio_9d3d9106-1dd1-4529-8e98-cba6a7a6a26f_1763175609388.txt,423145724,003fh000001myOKAAY,68118895,001fh000003pp7SAAQ,audio,salesloft,2025-11-14T17:56:00.273Z,146000
5d1da39f-4c07-4de7-8a98-a0ac18ae3acc,transcript_audio_5d1da39f-4c07-4de7-8a98-a0ac18ae3acc_1763175610986.txt,433605773,003Vq00000ZZehfIAD,71214938,001Vq00000Rm48wIAB,audio,salesloft,2025-11-14T16:50:01.505Z,196000
4d39d7f4-eb4e-4d72-82a2-ad773865c515,transcript_audio_4d39d7f4-eb4e-4d72-82a2-ad773865c515_1763175612459.txt,433616976,003Vq00000Zaj8vIAB,,,audio,salesloft,2025-11-14T16:35:53.868Z,267000
426d37d7-8453-4886-9717-8687cbe11172,transcript_audio_426d37d7-8453-4886-9717-8687cbe11172_1763175615191.txt,423145772,003fh000002F536AAC,68118936,001fh000004b5ODAAY,audio,salesloft,2025-11-13T21:58:39.606Z,122000
b3134392-2736-40b0-8585-96bdd4a51650,transcript_audio_b3134392-2736-40b0-8585-96bdd4a51650_1763175616709.txt,423145792,003fh000002F8a1AAC,68118949,001fh000004aHJeAAM,audio,salesloft,2025-11-13T21:50:46.290Z,148000
d8b67cf9-045b-43b5-90ff-d30c4f1c2c0b,transcript_audio_d8b67cf9-045b-43b5-90ff-d30c4f1c2c0b_1763175618295.txt,434318810,003Vq00000YcTlNIAV,71335090,001Vq00000Ro7eLIAR,audio,salesloft,2025-11-13T20:56:12.320Z,139000
c86a9aaf-8bd0-4d33-8690-ee8ea354ceda,transcript_audio_c86a9aaf-8bd0-4d33-8690-ee8ea354ceda_1763175621440.txt,433173012,003Vq00000ZKe6rIAD,71075517,001fh000004C8IcAAK,audio,salesloft,2025-11-13T19:43:32.534Z,192000
9e44b8fd-a494-4621-a0a2-c0a631c0f156,transcript_audio_9e44b8fd-a494-4621-a0a2-c0a631c0f156_1763175622723.txt,423145814,003fh000002Juv0AAC,68118973,001fh000004kcmXAAQ,audio,salesloft,2025-11-13T18:21:45.031Z,121000
c0064f30-0b2e-4e35-b519-19d148a466c6,transcript_audio_c0064f30-0b2e-4e35-b519-19d148a466c6_1763175624036.txt,434742629,003Vq00000Zt6v6IAB,71455556,001Vq00000Rm49cIAB,audio,salesloft,2025-11-13T17:54:24.929Z,183000
875fa6fa-cc8e-4f33-9d4e-df7ba144ff61,transcript_audio_875fa6fa-cc8e-4f33-9d4e-df7ba144ff61_1763175625482.txt,423146517,003fh000001myVUAAY,68119526,001fh000003ppCGAAY,audio,salesloft,2025-11-12T23:00:23.557Z,345000
c97080d4-92f3-4bea-90ac-d3c257b5ca76,transcript_audio_c97080d4-92f3-4bea-90ac-d3c257b5ca76_1763175627007.txt,423215622,003Vq00000S9k6mIAB,68129403,001Vq00000RLgueIAD,audio,salesloft,2025-11-12T22:54:02.169Z,139000
de52c8e5-f15b-408f-a865-de2b3347c8e5,transcript_audio_de52c8e5-f15b-408f-a865-de2b3347c8e5_1763175628421.txt,434334984,003Vq00000ZlaaAIAR,71214938,001Vq00000Rm48wIAB,audio,salesloft,2025-11-12T22:41:38.108Z,371000
683684a2-ece4-43cf-95e3-8d09d02c1f8a,transcript_audio_683684a2-ece4-43cf-95e3-8d09d02c1f8a_1763175629847.txt,433681731,003Vq00000ZcMoBIAV,68119134,001Vq00000Ro7pzIAB,audio,salesloft,2025-11-12T22:41:26.553Z,425000
aac1adcc-080c-4f59-aebb-30d2fae25072,transcript_audio_aac1adcc-080c-4f59-aebb-30d2fae25072_1763175631540.txt,428645649,003Vq00000XzScHIAV,68119378,001fh000003poyoAAA,audio,salesloft,2025-11-12T22:30:47.479Z,133000
e030899f-263f-4c2a-8f36-a71716b03f0f,transcript_audio_e030899f-263f-4c2a-8f36-a71716b03f0f_1763175633002.txt,423146324,003Vq00000Sk8wLIAR,68119370,001fh000003pp1uAAA,audio,salesloft,2025-11-12T22:24:40.835Z,311000
bce5fa85-12e4-4ce6-b96b-8f96c29e2186,transcript_audio_bce5fa85-12e4-4ce6-b96b-8f96c29e2186_1763175634597.txt,423146123,003Vq00000SfZucIAF,68119195,001Vq00000Ro7o7IAB,audio,salesloft,2025-11-12T22:18:09.887Z,133000
2bd2cd19-5ff8-4894-8032-3254cb157fff,transcript_audio_2bd2cd19-5ff8-4894-8032-3254cb157fff_1763175636000.txt,423140700,003Vq00000Sk8cXIAR,68117803,001Vq00000Rm48MIAR,audio,salesloft,2025-11-12T22:13:41.615Z,157000
ba3c7a38-2fd5-4849-b9cf-e10f99aa63ae,transcript_audio_ba3c7a38-2fd5-4849-b9cf-e10f99aa63ae_1763175637400.txt,423145801,003fh000002F9gAAAS,68118964,001fh000004b5RSAAY,audio,salesloft,2025-11-12T20:47:16.422Z,376000
fcc89fd4-e795-4027-9792-8cfabcc0933a,transcript_audio_fcc89fd4-e795-4027-9792-8cfabcc0933a_1763175638911.txt,423145742,003fh000001myV0AAI,68118913,001fh000003ppBaAAI,audio,salesloft,2025-11-12T20:11:08.820Z,120000
d102fdd6-82bd-4eb1-ac2f-c1b52a6dfea6,transcript_audio_d102fdd6-82bd-4eb1-ac2f-c1b52a6dfea6_1763175640337.txt,423145769,003fh000002F0FzAAK,68118930,001fh000004afiOAAQ,audio,salesloft,2025-11-12T19:27:00.182Z,260000
2727522b-af5b-415d-a237-cec5deeeffea,transcript_audio_2727522b-af5b-415d-a237-cec5deeeffea_1763175641882.txt,423145717,003fh000001myJsAAI,68118884,001fh000003pp24AAA,audio,salesloft,2025-11-12T17:31:34.148Z,120000
32c07770-5e40-4b3b-be1b-e12bf3020f42,transcript_audio_32c07770-5e40-4b3b-be1b-e12bf3020f42_1763175643261.txt,433177342,003Vq00000ZMGoMIAX,71076705,001fh000004C8dlAAC,audio,salesloft,2025-11-11T23:06:11.370Z,307000
dce319d8-c5b5-4617-b448-82cf0574a51c,transcript_audio_dce319d8-c5b5-4617-b448-82cf0574a51c_1763175644834.txt,423146098,003Vq00000SfZGRIA3,68119170,001Vq00000Ro7qJIAR,audio,salesloft,2025-11-11T21:33:55.121Z,184000
1c09f07f-cf93-400f-a375-3cf35e6b81dc,transcript_audio_1c09f07f-cf93-400f-a375-3cf35e6b81dc_1763175646259.txt,423228648,003Vq00000SfZFUIA3,68133410,001Vq00000Ro7pAIAR,audio,salesloft,2025-11-11T21:25:28.270Z,143000
163a2ace-8271-4484-8ba0-df619855e555,transcript_audio_163a2ace-8271-4484-8ba0-df619855e555_1763175647766.txt,423146557,003fh0000021Qs6AAE,68119492,001fh000004C8LlAAK,audio,salesloft,2025-11-11T21:12:12.419Z,123000
63347f93-cdcc-4ab9-aaf1-34d9e2c017e6,transcript_audio_63347f93-cdcc-4ab9-aaf1-34d9e2c017e6_1763175649186.txt,423145873,003fh000002OXpkAAG,68119031,001fh000004vNTtAAM,audio,salesloft,2025-11-11T21:06:40.221Z,138000
0f89f2d4-749a-47fc-8f45-c68043de145c,transcript_video_0f89f2d4-749a-47fc-8f45-c68043de145c_1763175650477.txt,432540385,003Vq00000YRJnqIAH,70597467,001Vq00000Ro7loIAB,video,zoom,2025-11-11T19:59:55.586Z,1314336
0c256267-efbe-4c1d-a072-d903a754de89,transcript_audio_0c256267-efbe-4c1d-a072-d903a754de89_1763175652066.txt,433678131,003Vq00000Zai9hIAB,,,audio,salesloft,2025-11-11T19:36:09.550Z,124000
172c1cad-b0a7-4ae3-88c1-e13d49a73d8d,transcript_audio_172c1cad-b0a7-4ae3-88c1-e13d49a73d8d_1763175653451.txt,433617124,003Vq00000ZajQfIAJ,68118969,001fh000004b1pJAAQ,audio,salesloft,2025-11-11T19:17:09.330Z,891000
97101760-9d20-4937-987c-b27a94ec3321,transcript_audio_97101760-9d20-4937-987c-b27a94ec3321_1763175655058.txt,433602230,003Vq00000ZaFM9IAN,,,audio,salesloft,2025-11-11T19:03:07.559Z,136000
d33eba44-3791-4fe0-be83-9d723e30c527,transcript_audio_d33eba44-3791-4fe0-be83-9d723e30c527_1763175656553.txt,423145796,003fh000001myS8AAI,68118968,001fh000003ppAGAAY,audio,salesloft,2025-11-11T17:31:38.006Z,153000
d94de36b-052d-45cb-a708-962ddd916e5b,transcript_audio_d94de36b-052d-45cb-a708-962ddd916e5b_1763175658029.txt,433164673,003Vq00000ZKvPOIA1,,,audio,salesloft,2025-11-11T16:47:03.828Z,567000
fc19335b-c2d1-4376-b081-998309d12c4c,transcript_audio_fc19335b-c2d1-4376-b081-998309d12c4c_1763175659566.txt,423145800,003fh000002F7PQAA0,68118986,001fh000004b4N8AAI,audio,salesloft,2025-11-10T23:02:57.873Z,129000
9128eac0-12c4-4d84-bb90-81ac76905815,transcript_audio_9128eac0-12c4-4d84-bb90-81ac76905815_1763175661028.txt,423145628,003Vq00000Sg2OfIAJ,68118771,001Vq00000RmqoIIAR,audio,salesloft,2025-11-10T22:20:56.374Z,132000
3a2ee26b-4157-468c-b819-a32ecdbb5dd7,transcript_audio_3a2ee26b-4157-468c-b819-a32ecdbb5dd7_1763175662349.txt,433137231,003Vq00000ZJwovIAD,71064642,001Vq00000Rm49JIAR,audio,salesloft,2025-11-10T22:12:22.731Z,177000
f61ae7fb-efdf-4d53-b099-ba21ac5add2a,transcript_audio_f61ae7fb-efdf-4d53-b099-ba21ac5add2a_1763175663735.txt,433136420,003Vq00000ZJtmDIAT,,,audio,salesloft,2025-11-10T22:08:02.182Z,124000
6be2450f-8a42-4dcd-8c0f-0df41601d06d,transcript_audio_6be2450f-8a42-4dcd-8c0f-0df41601d06d_1763175665040.txt,433175881,003Vq00000ZMGBdIAP,,,audio,salesloft,2025-11-10T22:02:30.322Z,243000
4fa2085c-1dee-462c-a5e9-da0ca9762d2a,transcript_audio_4fa2085c-1dee-462c-a5e9-da0ca9762d2a_1763175666433.txt,433175997,003fh000001myj4AAA,,,audio,salesloft,2025-11-10T21:16:28.221Z,259000
052cbb27-f835-40a7-b89d-5d8c15f915e3,transcript_audio_052cbb27-f835-40a7-b89d-5d8c15f915e3_1763175667842.txt,431421705,003Vq00000YW4g1IAD,70616726,001fh000004C8U2AAK,audio,salesloft,2025-11-10T21:09:11.209Z,191000
4e2ae7b7-d26d-45de-9e4c-0dd94c542702,transcript_audio_4e2ae7b7-d26d-45de-9e4c-0dd94c542702_1763175669218.txt,423140688,003Vq00000S9ez1IAB,68117804,001Vq00000RM1hBIAT,audio,salesloft,2025-11-10T20:48:08.744Z,211000
b2ce6ada-f97e-4265-9fb2-026715473947,transcript_audio_b2ce6ada-f97e-4265-9fb2-026715473947_1763175670891.txt,423145852,003fh000002ORnfAAG,68119015,001fh000004vMmJAAU,audio,salesloft,2025-11-10T20:43:39.090Z,145000
91a87469-f5ef-4c2e-b897-783ddd50c80b,transcript_audio_91a87469-f5ef-4c2e-b897-783ddd50c80b_1763175673838.txt,423145813,003fh000002KRpMAAW,68118975,001fh000004ljScAAI,audio,salesloft,2025-11-10T17:13:12.518Z,199000
f6f139c6-bc64-4aca-b625-48da905bce08,transcript_audio_f6f139c6-bc64-4aca-b625-48da905bce08_1763175675555.txt,423145814,003fh000002Juv0AAC,68118973,001fh000004kcmXAAQ,audio,salesloft,2025-11-10T17:10:03.403Z,127000
3341b5d1-3c83-4792-a711-ce2c68ac315f,transcript_audio_3341b5d1-3c83-4792-a711-ce2c68ac315f_1763175677222.txt,433177342,003Vq00000ZMGoMIAX,71076705,001fh000004C8dlAAC,audio,salesloft,2025-11-07T22:29:45.727Z,282000
955ff933-0323-467d-839f-1955e85ed7d0,transcript_audio_955ff933-0323-467d-839f-1955e85ed7d0_1763175678758.txt,433175881,003Vq00000ZMGBdIAP,,,audio,salesloft,2025-11-07T21:46:28.501Z,151000
3c4510fa-4ef4-43e0-9f39-c9fb8e6a869f,transcript_audio_3c4510fa-4ef4-43e0-9f39-c9fb8e6a869f_1763175680152.txt,423145723,003fh000001myFeAAI,68118889,001fh000003pfLpAAI,audio,salesloft,2025-11-07T21:00:09.793Z,289000
5446e6b9-e338-4574-8356-74eff0fccfb6,transcript_audio_5446e6b9-e338-4574-8356-74eff0fccfb6_1763175681525.txt,433165761,003Vq00000ZKtE2IAL,,,audio,salesloft,2025-11-07T20:39:02.195Z,146000
e0dc6399-4a7e-49aa-8626-f0fc73de79c2,transcript_audio_e0dc6399-4a7e-49aa-8626-f0fc73de79c2_1763175682720.txt,433164673,003Vq00000ZKvPOIA1,,,audio,salesloft,2025-11-07T20:32:52.505Z,136000
4f3086ec-4568-43b0-89fd-f5956389dfd4,transcript_audio_4f3086ec-4568-43b0-89fd-f5956389dfd4_1763175686889.txt,423140688,003Vq00000S9ez1IAB,68117804,001Vq00000RM1hBIAT,audio,salesloft,2025-11-07T18:04:55.778Z,188000
ce9dddbf-a7c0-4c76-9e85-848b606aebe4,transcript_audio_ce9dddbf-a7c0-4c76-9e85-848b606aebe4_1763175688245.txt,433139069,003Vq00000ZK21WIAT,,,audio,salesloft,2025-11-07T17:51:51.109Z,123000
ddcddd66-9e2c-4d4f-bd9c-55b0a4887cef,transcript_audio_ddcddd66-9e2c-4d4f-bd9c-55b0a4887cef_1763175689502.txt,433137231,003Vq00000ZJwovIAD,,,audio,salesloft,2025-11-07T17:39:06.537Z,182000
c90acba0-17dd-4bb9-b800-e73a247a18c2,transcript_audio_c90acba0-17dd-4bb9-b800-e73a247a18c2_1763175690938.txt,433136420,003Vq00000ZJtmDIAT,71064088,001Vq00000RnLeNIAV,audio,salesloft,2025-11-07T17:34:10.544Z,131000
d20a041c-0256-4d71-851a-6baa7010a3b3,transcript_audio_d20a041c-0256-4d71-851a-6baa7010a3b3_1763175692330.txt,423146646,003fh000002G4wDAAS,68119638,001fh000004cpwiAAA,audio,salesloft,2025-11-07T17:27:00.484Z,150000
2db54010-239b-48e0-a951-8100a04699be,transcript_audio_2db54010-239b-48e0-a951-8100a04699be_1763175693605.txt,432541217,003Vq00000Z6ZbhIAF,,,audio,salesloft,2025-11-06T22:19:28.206Z,365000
eab19e65-d222-47ac-a389-8c8095dad0c3,transcript_audio_eab19e65-d222-47ac-a389-8c8095dad0c3_1763175694961.txt,423145831,003fh000002Ka6EAAS,68118988,001fh000004lepMAAQ,audio,salesloft,2025-11-06T22:16:27.353Z,167000
6f319fb7-63a9-4428-a223-3a4a7cf5316d,transcript_audio_6f319fb7-63a9-4428-a223-3a4a7cf5316d_1763175696443.txt,423145717,003fh000001myJsAAI,68118884,001fh000003pp24AAA,audio,salesloft,2025-11-06T22:13:38.040Z,155000
a7010d09-fa36-44e2-980a-ca4374deda07,transcript_audio_a7010d09-fa36-44e2-980a-ca4374deda07_1763175697862.txt,423145573,003Vq00000S9jyiIAB,68118764,001Vq00000RMD79IAH,audio,salesloft,2025-11-06T22:05:56.061Z,137000
0eb24a81-dc89-43c4-a165-db8f03291852,transcript_audio_0eb24a81-dc89-43c4-a165-db8f03291852_1763175699383.txt,432509697,003Vq00000Z68y1IAB,70911663,001fh000004C8KtAAK,audio,salesloft,2025-11-06T20:52:47.632Z,151000
a19c96bf-176d-49d8-899c-a28916ad1335,transcript_audio_a19c96bf-176d-49d8-899c-a28916ad1335_1763175700742.txt,423140705,003fh000002KbDZAA0,68117807,001Vq00000Rmqp4IAB,audio,salesloft,2025-11-06T20:35:55.959Z,126000
80dbfb20-4919-4e92-aa10-aebb7406ab40,transcript_audio_80dbfb20-4919-4e92-aa10-aebb7406ab40_1763175702240.txt,431343928,003Vq00000YR6KNIA1,68130670,001fh000004C8XdAAK,audio,salesloft,2025-11-06T19:28:06.848Z,132000
956df954-ea44-42b9-bb3f-652c22099ccf,transcript_audio_956df954-ea44-42b9-bb3f-652c22099ccf_1763175703555.txt,423145869,003fh000002OXg3AAG,68119016,001fh000004uwQbAAI,audio,salesloft,2025-11-06T18:40:23.187Z,161000
9295abed-f017-433b-8ba9-00dbb9e0fc84,transcript_audio_9295abed-f017-433b-8ba9-00dbb9e0fc84_1763175705028.txt,423145873,003fh000002OXpkAAG,68119031,001fh000004vNTtAAM,audio,salesloft,2025-11-06T18:36:32.695Z,207000
739280e8-a198-4eb2-8c68-f01b56a008b7,transcript_audio_739280e8-a198-4eb2-8c68-f01b56a008b7_1763175706364.txt,423145880,003fh000002OY93AAG,68119032,001fh000004vSDNAA2,audio,salesloft,2025-11-06T18:30:37.099Z,140000
fcc8ae6d-a63b-40ba-8065-aca5e58fc59e,transcript_audio_fcc8ae6d-a63b-40ba-8065-aca5e58fc59e_1763175707767.txt,423145830,003fh000002KVXzAAO,68119001,001fh000004m2ZxAAI,audio,salesloft,2025-11-06T18:10:52.327Z,202000
94ee0c5f-8ba2-4f40-a985-846e1342b43a,transcript_audio_94ee0c5f-8ba2-4f40-a985-846e1342b43a_1763175709180.txt,423145568,003Vq00000SexiuIAB,68118762,001Vq00000RmqqmIAB,audio,salesloft,2025-11-06T17:54:15.850Z,181000
9c631669-c0a5-4516-9d49-b6300cd2e8db,transcript_audio_9c631669-c0a5-4516-9d49-b6300cd2e8db_1763175710394.txt,423145871,003fh000002OWqZAAW,68119019,001fh000004vNNTAA2,audio,salesloft,2025-11-06T17:33:46.187Z,231000
60ab5df2-4ca1-4393-893d-c53e181640b4,transcript_video_60ab5df2-4ca1-4393-893d-c53e181640b4_1763175711927.txt,423146551,003fh000002G5nPAAS,68119494,001fh000003pp8vAAA,video,zoom,2025-11-06T16:00:39.598Z,1879456
cf97840c-e820-4e83-82c7-36c2018857c5,transcript_audio_cf97840c-e820-4e83-82c7-36c2018857c5_1763175713891.txt,432147131,003fh000001myjvAAA,70820029,001fh000003ppOnAAI,audio,salesloft,2025-11-05T22:50:08.712Z,189000
f1d95537-5a23-4340-8db5-6e6481f66530,transcript_audio_f1d95537-5a23-4340-8db5-6e6481f66530_1763175715320.txt,423145835,003fh000002FA7aAAG,68119000,001fh000004b0dxAAA,audio,salesloft,2025-11-05T22:27:25.369Z,178000
6a913b59-7e66-4ce7-afb5-1c347d9ef966,transcript_audio_6a913b59-7e66-4ce7-afb5-1c347d9ef966_1763175716758.txt,423140714,003fh000002Q532AAC,68117799,001fh000004z9NUAAY,audio,salesloft,2025-11-05T22:12:22.963Z,142000
529587d3-12c7-480b-9a0d-7068f498a0a9,transcript_audio_529587d3-12c7-480b-9a0d-7068f498a0a9_1763175718238.txt,423146357,003fh000001myGaAAI,68119387,001fh000003pozzAAA,audio,salesloft,2025-11-05T21:56:45.358Z,174000
6be84df9-059d-4709-bbb3-623d8e451adf,transcript_audio_6be84df9-059d-4709-bbb3-623d8e451adf_1763175719682.txt,423145830,003fh000002KVXzAAO,68119001,001fh000004m2ZxAAI,audio,salesloft,2025-11-05T20:52:42.790Z,122000
a900d16c-8653-4e42-abca-b0e26da754b4,transcript_audio_a900d16c-8653-4e42-abca-b0e26da754b4_1763175721019.txt,423145829,003fh000002F8mXAAS,68118994,001fh000004b4okAAA,audio,salesloft,2025-11-05T18:59:34.398Z,324000
059b7c41-6e5b-4652-b02b-ab138e481ec0,transcript_audio_059b7c41-6e5b-4652-b02b-ab138e481ec0_1763175722454.txt,431345112,003Vq00000YQw83IAD,70597315,001Vq00000Ro7ehIAB,audio,salesloft,2025-11-04T22:11:34.453Z,252000
b5b9ef45-938f-4dde-9646-202ce4958235,transcript_audio_b5b9ef45-938f-4dde-9646-202ce4958235_1763175724100.txt,423146341,003fh000001myFAAAY,68119390,001fh000003pfL2AAI,audio,salesloft,2025-11-04T21:59:49.434Z,157000
b99d1169-5083-44fd-b264-41149d81195c,transcript_audio_b99d1169-5083-44fd-b264-41149d81195c_1763175725425.txt,423145820,003fh000002KTXoAAO,68118988,001fh000004lepMAAQ,audio,salesloft,2025-11-04T21:34:36.378Z,160000
b6160b2f-5512-4e48-9ea9-d5fe858df43c,transcript_audio_b6160b2f-5512-4e48-9ea9-d5fe858df43c_1763175726957.txt,423145738,003fh000001myScAAI,68118888,001fh000003pp8wAAA,audio,salesloft,2025-11-04T21:11:09.139Z,172000
a695f780-56ae-4ef6-8a15-a5ecc78b7915,transcript_audio_a695f780-56ae-4ef6-8a15-a5ecc78b7915_1763175728387.txt,423145716,003Vq00000SfsNhIAJ,68118891,001Vq00000RnIK9IAN,audio,salesloft,2025-11-04T20:56:40.686Z,305000
fa826ab2-924f-417b-acc2-12d7a03b6756,transcript_video_fa826ab2-924f-417b-acc2-12d7a03b6756_1763175729653.txt,423146866,003fh000002Q2Y9AAK,,,video,zoom,2025-11-04T18:02:14.783Z,3532000
78dfdf63-8997-4db8-86a0-9f44bcb28fec,transcript_audio_78dfdf63-8997-4db8-86a0-9f44bcb28fec_1763175732972.txt,431706059,003Vq00000YcSz3IAF,70694652,001Vq00000Ro8CMIAZ,audio,salesloft,2025-11-03T21:47:50.857Z,193000
789830f1-25d8-46a4-a175-ab5d3d1e1968,transcript_audio_789830f1-25d8-46a4-a175-ab5d3d1e1968_1763175734263.txt,423146182,003Vq00000SeqSrIAJ,68119253,001Vq00000Ro81gIAB,audio,salesloft,2025-11-03T21:42:14.564Z,129000
d8e85343-f6f9-4c10-b1cf-578fbb99bf4a,transcript_audio_d8e85343-f6f9-4c10-b1cf-578fbb99bf4a_1763175735771.txt,423146177,003Vq00000SeP1DIAV,68119241,001Vq00000Ro8A2IAJ,audio,salesloft,2025-11-03T21:24:48.889Z,287000
36cf30bf-57d6-4241-a085-dbacb818e0e8,transcript_audio_36cf30bf-57d6-4241-a085-dbacb818e0e8_1763175737169.txt,423145831,003fh000002Ka6EAAS,68118988,001fh000004lepMAAQ,audio,salesloft,2025-11-03T20:37:36.847Z,179000
da9afd74-64e9-437b-9570-72e2e5cd4965,transcript_audio_da9afd74-64e9-437b-9570-72e2e5cd4965_1763175738558.txt,423145873,003fh000002OXpkAAG,68119031,001fh000004vNTtAAM,audio,salesloft,2025-11-03T20:23:51.823Z,176000
4507c8d1-dfb2-40f6-87e7-d65c4e9c90c7,transcript_audio_4507c8d1-dfb2-40f6-87e7-d65c4e9c90c7_1763175739856.txt,423145658,003fh000002OQV0AAO,68118834,001Vq00000Rb50RIAR,audio,salesloft,2025-11-03T20:21:26.587Z,124000
f15e736a-6877-4054-a3b4-6f7441588149,transcript_audio_f15e736a-6877-4054-a3b4-6f7441588149_1763175741423.txt,423145827,003fh000002F9WWAA0,68118993,001fh000004aXCvAAM,audio,salesloft,2025-11-03T20:09:45.395Z,163000
d5b2cd06-adaf-4d75-9149-588f769bce16,transcript_audio_d5b2cd06-adaf-4d75-9149-588f769bce16_1763175742839.txt,423146048,,68119143,001Vq00000Ro7phIAB,audio,salesloft,2025-11-03T19:43:32.405Z,232000
665da577-5d4b-4c22-8f86-a1247612c2e7,transcript_audio_665da577-5d4b-4c22-8f86-a1247612c2e7_1763175744175.txt,423145703,003Vq00000SfVz0IAF,68118903,001Vq00000RnLdoIAF,audio,salesloft,2025-11-03T19:09:17.682Z,445000
59c6f45c-c32d-4422-a335-586ca809e801,transcript_audio_59c6f45c-c32d-4422-a335-586ca809e801_1763175745601.txt,423145880,003fh000002OY93AAG,68119032,001fh000004vSDNAA2,audio,salesloft,2025-11-03T18:52:14.363Z,127000
aaad693e-8756-41a8-b282-28396907dd31,transcript_audio_aaad693e-8756-41a8-b282-28396907dd31_1763175746965.txt,423145869,003fh000002OXg3AAG,68119016,001fh000004uwQbAAI,audio,salesloft,2025-10-31T21:52:34.224Z,158000
c0334915-31e0-425f-b0f6-acc26709b426,transcript_audio_c0334915-31e0-425f-b0f6-acc26709b426_1763175748506.txt,423145873,003fh000002OXpkAAG,68119031,001fh000004vNTtAAM,audio,salesloft,2025-10-31T21:20:13.469Z,152000
07283eeb-599c-4f9d-854e-dbc13f7dd430,transcript_audio_07283eeb-599c-4f9d-854e-dbc13f7dd430_1763175750041.txt,423145880,003fh000002OY93AAG,68119032,001fh000004vSDNAA2,audio,salesloft,2025-10-31T21:08:38.203Z,120000
79f1f216-68a1-4162-bfd2-cd68332303a4,transcript_audio_79f1f216-68a1-4162-bfd2-cd68332303a4_1763175751427.txt,423145742,003fh000001myV0AAI,68118913,001fh000003ppBaAAI,audio,salesloft,2025-10-31T20:20:01.636Z,138000
62f18e4c-a720-46af-8736-a98c643a0817,transcript_audio_62f18e4c-a720-46af-8736-a98c643a0817_1763175752960.txt,423145829,003fh000002F8mXAAS,68118994,001fh000004b4okAAA,audio,salesloft,2025-10-31T16:23:34.779Z,183000
4d854dc4-d8f6-469b-a3aa-0f0054b0aa6e,transcript_audio_4d854dc4-d8f6-469b-a3aa-0f0054b0aa6e_1763175754438.txt,423145776,003fh000001myN8AAI,68118958,001fh000003pp5fAAA,audio,salesloft,2025-10-30T20:10:14.129Z,413000
b1321057-deac-4b59-88f6-ca27f237d370,transcript_audio_b1321057-deac-4b59-88f6-ca27f237d370_1763175755778.txt,423145769,003fh000002F0FzAAK,68118930,001fh000004afiOAAQ,audio,salesloft,2025-10-30T20:02:18.365Z,127000
a2079144-42e9-4f28-b48e-0e421c8123c1,transcript_audio_a2079144-42e9-4f28-b48e-0e421c8123c1_1763175757192.txt,423145788,003fh000002F2QCAA0,68118961,001fh000004aWOzAAM,audio,salesloft,2025-10-30T19:20:50.307Z,136000
6188b5e0-504c-47f5-b38e-bd76bf521bbe,transcript_audio_6188b5e0-504c-47f5-b38e-bd76bf521bbe_1763175758676.txt,423146118,003Vq00000SfRH4IAN,68119195,001Vq00000Ro7o7IAB,audio,salesloft,2025-10-30T17:46:13.281Z,159000
bce63873-c8f0-4a39-b0d9-19c48a4853a5,transcript_audio_bce63873-c8f0-4a39-b0d9-19c48a4853a5_1763175760146.txt,423228913,003fh000002OX1mAAG,68133648,001fh000004vRqtAAE,audio,salesloft,2025-10-30T17:33:49.570Z,184000
e2df4a43-6ede-401b-8737-813c7595d41a,transcript_audio_e2df4a43-6ede-401b-8737-813c7595d41a_1763175761563.txt,423216261,003Vq00000S9pkjIAB,68129780,001Vq00000RMP8IIAX,audio,salesloft,2025-10-30T17:30:18.802Z,131000
5f27acee-d470-400a-adb9-16084ccfcc1b,transcript_audio_5f27acee-d470-400a-adb9-16084ccfcc1b_1763175763045.txt,423146437,003fh000002G5tsAAC,68119483,001fh000003pp7nAAA,audio,salesloft,2025-10-30T17:14:59.037Z,138000
59e5cb90-316e-4736-a644-ac49f4b2180e,transcript_audio_59e5cb90-316e-4736-a644-ac49f4b2180e_1763175764707.txt,423145796,003fh000001myS8AAI,68118968,001fh000003ppAGAAY,audio,salesloft,2025-10-30T16:44:14.308Z,159000
d4536f26-43c2-4dcc-88f6-06fc15b221f9,transcript_audio_d4536f26-43c2-4dcc-88f6-06fc15b221f9_1763175767761.txt,423145814,003fh000002Juv0AAC,68118973,001fh000004kcmXAAQ,audio,salesloft,2025-10-29T20:27:46.067Z,134000
9da3b9a2-3f78-4515-9882-9dbb5b93f5e4,transcript_audio_9da3b9a2-3f78-4515-9882-9dbb5b93f5e4_1763175769100.txt,423146551,003fh000002G5nPAAS,68119494,001fh000003pp8vAAA,audio,salesloft,2025-10-29T20:17:06.533Z,209000
1ccb9658-b627-4d65-b1a5-fab8feba0e52,transcript_audio_1ccb9658-b627-4d65-b1a5-fab8feba0e52_1763175770573.txt,423146713,003fh000002GFunAAG,68119694,001fh000004d0M2AAI,audio,salesloft,2025-10-29T17:06:19.821Z,441000
9be8e27b-4250-4ed1-a798-0135db22b845,transcript_audio_9be8e27b-4250-4ed1-a798-0135db22b845_1763175772025.txt,423145829,003fh000002F8mXAAS,68118994,001fh000004b4okAAA,audio,salesloft,2025-10-28T23:13:27.390Z,177000
0178263d-f112-4ce4-a4fc-43a2f593103b,transcript_audio_0178263d-f112-4ce4-a4fc-43a2f593103b_1763175773374.txt,423145703,003Vq00000SfVz0IAF,68118903,001Vq00000RnLdoIAF,audio,salesloft,2025-10-28T22:33:16.275Z,141000
3ff6d0b4-d775-4729-a79f-97e7fde58110,transcript_audio_3ff6d0b4-d775-4729-a79f-97e7fde58110_1763175775918.txt,423145714,003fh000001myRGAAY,68118888,001fh000003pp8wAAA,audio,salesloft,2025-10-27T18:41:20.423Z,161000
461a5531-4e7d-4458-a478-5422cb96b51c,transcript_audio_461a5531-4e7d-4458-a478-5422cb96b51c_1763175777242.txt,423140721,003fh000002FAcDAAW,68117821,001fh000004b5RRAAY,audio,salesloft,2025-10-27T18:10:07.691Z,218000
98131b2d-e518-44ac-ab23-29da9fa8bc65,transcript_audio_98131b2d-e518-44ac-ab23-29da9fa8bc65_1763175778643.txt,423146603,003fh000002FyxDAAS,68119598,001fh000004C8S5AAK,audio,salesloft,2025-10-23T19:41:35.062Z,264000
fd6d503f-3ab4-4a96-8999-15a40e125df6,transcript_audio_fd6d503f-3ab4-4a96-8999-15a40e125df6_1763175780149.txt,423146665,003fh000002G5vWAAS,68119654,001fh000004cpnLAAQ,audio,salesloft,2025-10-22T20:25:27.479Z,166000
799b5fff-e9c1-4af6-896e-15d637c546cb,transcript_audio_799b5fff-e9c1-4af6-896e-15d637c546cb_1763175781544.txt,423145831,003fh000002Ka6EAAS,68118988,001fh000004lepMAAQ,audio,salesloft,2025-10-22T19:39:52.316Z,140000
6677f513-9c5e-4898-b83f-a6a301f8d87a,transcript_audio_6677f513-9c5e-4898-b83f-a6a301f8d87a_1763175782950.txt,423145738,003fh000001myScAAI,68118888,001fh000003pp8wAAA,audio,salesloft,2025-10-22T18:19:18.691Z,120000
e6b42214-e265-4db8-9707-ec8d190116a2,transcript_audio_e6b42214-e265-4db8-9707-ec8d190116a2_1763175784315.txt,423145832,003fh000002KZeoAAG,68118972,001fh000004mRBKAA2,audio,salesloft,2025-10-22T18:01:51.467Z,131000
3c11c376-ac5e-43b4-a1f8-f289427bd02b,transcript_audio_3c11c376-ac5e-43b4-a1f8-f289427bd02b_1763175788684.txt,427721128,003Vq00000WWUrqIAH,69523814,001Vq00000W7e1ZIAR,audio,salesloft,2025-10-21T21:36:16.600Z,1049000
bc90f3e6-b10a-48af-a919-266c9bb4cbe8,transcript_audio_bc90f3e6-b10a-48af-a919-266c9bb4cbe8_1763175790054.txt,423145759,003fh000002F6C4AAK,68118956,001fh000004ZcZtAAK,audio,salesloft,2025-10-21T21:20:04.301Z,124000
6198329f-e018-48b3-9257-66e3866fa110,transcript_audio_6198329f-e018-48b3-9257-66e3866fa110_1763175791406.txt,423145742,003fh000001myV0AAI,68118913,001fh000003ppBaAAI,audio,salesloft,2025-10-21T18:58:35.371Z,145000
14f9cd21-54ae-4c7e-b02c-99f01ad44d54,transcript_audio_14f9cd21-54ae-4c7e-b02c-99f01ad44d54_1763175792901.txt,423140678,003Vq00000SfNtRIAV,68117791,001Vq00000RmqrVIAR,audio,salesloft,2025-10-21T17:25:38.645Z,180000
657e9bca-0e3e-429e-af77-39a22ca4a602,transcript_audio_657e9bca-0e3e-429e-af77-39a22ca4a602_1763175794473.txt,427880048,003Vq00000Wxb18IAB,69350657,001Vq00000Ro7jDIAR,audio,salesloft,2025-10-21T16:25:26.730Z,186000
d8045a32-8c42-4e40-9658-1b34dd6b1b1c,transcript_video_d8045a32-8c42-4e40-9658-1b34dd6b1b1c_1763175796112.txt,426895359,003Vq00000WCFthIAH,68118818,001Vq00000RmqsUIAR,video,zoom,2025-10-20T22:59:57.490Z,217344
66696c97-07a9-4f5b-8a4a-5bf0d260fdda,transcript_audio_66696c97-07a9-4f5b-8a4a-5bf0d260fdda_1763175797618.txt,425813477,,68118870,001Vq00000RmqtqIAB,audio,salesloft,2025-10-20T19:45:51.242Z,133000
43b0afe9-c57f-48e5-92f1-001bb66be835,transcript_audio_43b0afe9-c57f-48e5-92f1-001bb66be835_1763175799008.txt,423145814,003fh000002Juv0AAC,68118973,001fh000004kcmXAAQ,audio,salesloft,2025-10-20T19:39:05.205Z,125000
261139f8-6da9-449b-bb10-63f08cb06b65,transcript_audio_261139f8-6da9-449b-bb10-63f08cb06b65_1763175800499.txt,423145765,003fh000002EvdGAAS,68118932,001fh000004ahtoAAA,audio,salesloft,2025-10-20T19:08:44.002Z,156000
e5d5f425-7ea0-4bb7-82b4-cefcd429bc6d,transcript_video_e5d5f425-7ea0-4bb7-82b4-cefcd429bc6d_1763175802009.txt,426895359,003Vq00000WCFthIAH,68118818,001Vq00000RmqsUIAR,video,zoom,2025-10-16T21:00:00.775Z,1528352
a6c86665-c256-4548-b346-35c3ea2a2b58,transcript_audio_a6c86665-c256-4548-b346-35c3ea2a2b58_1763175805156.txt,423145820,003fh000002KTXoAAO,68118988,001fh000004lepMAAQ,audio,salesloft,2025-10-14T16:46:31.287Z,122000
8ee6d67b-d156-43fe-aa6e-01f7e5e78d8a,transcript_audio_8ee6d67b-d156-43fe-aa6e-01f7e5e78d8a_1763175808175.txt,423145685,003Vq00000Sf7v3IAB,68118859,001Vq00000RnLeiIAF,audio,salesloft,2025-10-10T20:38:13.356Z,668000
bed7b107-ca46-46aa-b40c-22ac6d08bdcf,transcript_audio_bed7b107-ca46-46aa-b40c-22ac6d08bdcf_1763175809929.txt,423140715,003fh000002LElKAAW,68117815,001fh000004o1EkAAI,audio,salesloft,2025-10-10T20:19:49.034Z,187000
0e8358ee-bc12-4e60-8f5d-5973d02da3fc,transcript_audio_0e8358ee-bc12-4e60-8f5d-5973d02da3fc_1763175811519.txt,423145549,003Vq00000SeuwGIAR,68118750,001Vq00000Rmqp7IAB,audio,salesloft,2025-10-10T20:09:21.874Z,122000
8c435aaa-2d73-4512-bb6d-7c4c5851d67a,transcript_audio_8c435aaa-2d73-4512-bb6d-7c4c5851d67a_1763175812986.txt,423145559,003Vq00000SfARZIA3,68118755,001Vq00000RmqoNIAR,audio,salesloft,2025-10-10T17:25:47.580Z,176000
4bf11698-4f03-4d65-be92-82860ea05752,transcript_audio_4bf11698-4f03-4d65-be92-82860ea05752_1763175814395.txt,423145738,003fh000001myScAAI,68118888,001fh000003pp8wAAA,audio,salesloft,2025-10-10T17:15:50.067Z,149000
eed0839f-61a1-4265-b0de-9017e89dd56e,transcript_audio_eed0839f-61a1-4265-b0de-9017e89dd56e_1763175815759.txt,423145601,003Vq00000SfZVSIA3,68118788,001Vq00000RmqpFIAR,audio,salesloft,2025-10-09T17:22:05.339Z,868000
a53381b6-8053-4e18-bed1-77f74feb8855,transcript_audio_a53381b6-8053-4e18-bed1-77f74feb8855_1763175817276.txt,423145697,003Vq00000SfZNQIA3,68118875,001Vq00000RmqtyIAB,audio,salesloft,2025-10-09T17:11:37.516Z,134000
a426b2ea-ab8d-48dd-a40a-b89ed5283b4c,transcript_audio_a426b2ea-ab8d-48dd-a40a-b89ed5283b4c_1763175818884.txt,426010584,003Vq00000VN3zWIAT,68934766,001Vq00000Un4CXIAZ,audio,salesloft,2025-10-09T13:38:35.900Z,124000
bcc8a5fb-bb13-4f66-a9c6-018deefc6da6,transcript_audio_bcc8a5fb-bb13-4f66-a9c6-018deefc6da6_1763175820299.txt,423228873,003fh000002Jo9fAAC,68133613,001fh000004k797AAA,audio,salesloft,2025-10-09T13:30:25.139Z,168000
3e4f3c01-0781-4379-9f94-446e0d128d3b,transcript_audio_3e4f3c01-0781-4379-9f94-446e0d128d3b_1763175821888.txt,423145826,003fh000002F6GsAAK,68118992,001fh000004b4NLAAY,audio,salesloft,2025-10-08T22:38:45.450Z,121000
9f6a30be-48de-4ffc-a98f-cccfb21f8ee5,transcript_audio_9f6a30be-48de-4ffc-a98f-cccfb21f8ee5_1763175823206.txt,423145632,003Vq00000Sk8cnIAB,68118809,001Vq00000Rmqr6IAB,audio,salesloft,2025-10-08T21:54:46.029Z,131000
4acca78e-0c96-473e-96cc-231f4fa0a9ed,transcript_audio_4acca78e-0c96-473e-96cc-231f4fa0a9ed_1763175826870.txt,423145553,003Vq00000SfBtvIAF,68118759,001Vq00000RmqqGIAR,audio,salesloft,2025-10-07T17:15:57.552Z,165000
fcdf842a-446b-4654-82a5-a89b2240434e,transcript_audio_fcdf842a-446b-4654-82a5-a89b2240434e_1763175829537.txt,423145708,003Vq00000SfZdsIAF,68118874,001Vq00000RmqvRIAR,audio,salesloft,2025-10-07T16:50:43.899Z,128000
b6a5fd73-6855-46e2-8a64-a6724c40f4da,transcript_audio_b6a5fd73-6855-46e2-8a64-a6724c40f4da_1763175830984.txt,423145704,003Vq00000Sk8cqIAB,68118875,001Vq00000RmqtyIAB,audio,salesloft,2025-10-06T22:21:13.934Z,313000
c88bf760-e24d-4bc8-9109-0bfc9b69eadb,transcript_audio_c88bf760-e24d-4bc8-9109-0bfc9b69eadb_1763175832427.txt,423145678,003Vq00000Sf3t5IAB,68118854,001Vq00000RmqufIAB,audio,salesloft,2025-10-06T21:15:18.825Z,134000
e6fe9a1c-c4eb-4a06-bdad-3dbeea26817f,transcript_audio_e6fe9a1c-c4eb-4a06-bdad-3dbeea26817f_1763175833764.txt,423145685,003Vq00000Sf7v3IAB,68118859,001Vq00000RnLeiIAF,audio,salesloft,2025-10-06T18:35:23.198Z,220000
77661f38-1cc2-406b-8c0f-56e0d1662030,transcript_audio_77661f38-1cc2-406b-8c0f-56e0d1662030_1763175835305.txt,423145695,003Vq00000SfZDEIA3,68118868,001Vq00000RnLeuIAF,audio,salesloft,2025-10-06T17:02:23.010Z,977000
3297df91-b84e-43bb-ab01-26c91753ccc1,transcript_audio_3297df91-b84e-43bb-ab01-26c91753ccc1_1763175840915.txt,423145551,003Vq00000SfOO1IAN,68118760,001Vq00000Rmqq1IAB,audio,salesloft,2025-10-02T16:50:37.064Z,130000
19193c11-fa30-4eeb-8db0-12b1392a24d8,transcript_audio_19193c11-fa30-4eeb-8db0-12b1392a24d8_1763175842369.txt,423145557,003Vq00000SfMNrIAN,68118783,001Vq00000RmqqlIAB,audio,salesloft,2025-10-02T16:15:58.771Z,220000
e36d2093-46b7-4ff4-938b-d9f9c91052d5,transcript_audio_e36d2093-46b7-4ff4-938b-d9f9c91052d5_1763175845037.txt,423145573,003Vq00000S9jyiIAB,68118764,001Vq00000RMD79IAH,audio,salesloft,2025-10-01T17:13:34.143Z,122000
2d1d090e-855d-4081-911d-a7efee8be26b,transcript_audio_2d1d090e-855d-4081-911d-a7efee8be26b_1763175846441.txt,422963615,003Vq00000Se8DHIAZ,68094614,001Vq00000Rlr84IAB,audio,salesloft,2025-10-01T15:11:50.503Z,614000
5f06f14f-f6a3-4d8d-bb81-730e0109ba16,transcript_audio_5f06f14f-f6a3-4d8d-bb81-730e0109ba16_1763175847982.txt,423145595,003Vq00000SfXW9IAN,68118786,001Vq00000RmqpyIAB,audio,salesloft,2025-09-30T21:05:06.067Z,197000
940985b2-17a4-4dfe-acee-0276d7002ccd,transcript_audio_940985b2-17a4-4dfe-acee-0276d7002ccd_1763175849301.txt,423145605,003Vq00000SfZD4IAN,68118790,001Vq00000RmqpTIAR,audio,salesloft,2025-09-30T17:21:20.020Z,366000
adbaad64-a975-4ec6-a025-37b47c2968a3,transcript_audio_adbaad64-a975-4ec6-a025-37b47c2968a3_1763175852342.txt,423228428,003Vq00000SeKBBIA3,68133206,001Vq00000Rl3GvIAJ,audio,salesloft,2025-09-24T18:36:14.479Z,164000
538affeb-6543-4ebf-98a7-e9d5dc6fe7e5,transcript_audio_538affeb-6543-4ebf-98a7-e9d5dc6fe7e5_1763175853902.txt,422962804,003Vq00000SXW7ZIAX,68094499,001Vq00000Rlr0QIAR,audio,salesloft,2025-09-23T15:55:44.462Z,171000
